[
  {
    "inputs": [
      {
        "internalType": "contract ILendingPoolAddressesProvider",
        "name": "_addressProvider",
        "type": "address"
      }
    ],
    "stateMutability": "nonpayable",
    "type": "constructor"
  },
  {
    "anonymous": false,
    "inputs": [
      {
        "indexed": false,
        "internalType": "uint8",
        "name": "version",
        "type": "uint8"
      }
    ],
    "name": "Initialized",
    "type": "event"
  },
  {
    "inputs": [],
    "name": "ADDRESSES_PROVIDER",
    "outputs": [
      {
        "internalType": "contract ILendingPoolAddressesProvider",
        "name": "",
        "type": "address"
      }
    ],
    "stateMutability": "view",
    "type": "function"
  },
  {
    "inputs": [],
    "name": "LENDING_POOL",
    "outputs": [
      {
        "internalType": "contract ILendingPool",
        "name": "",
        "type": "address"
      }
    ],
    "stateMutability": "view",
    "type": "function"
  },
  {
    "inputs": [
      {
        "internalType": "address",
        "name": "_assetToBorrow",
        "type": "address"
      },
      {
        "internalType": "uint256",
        "name": "_amountToBorrow",
        "type": "uint256"
      },
      {
        "internalType": "uint256",
        "name": "_amount",
        "type": "uint256"
      },
      {
        "internalType": "bytes",
        "name": "_uniswap3Path",
        "type": "bytes"
      },
      {
        "internalType": "address[]",
        "name": "_uniswapv2Path",
        "type": "address[]"
      },
      {
        "internalType": "string",
        "name": "_side",
        "type": "string"
      }
    ],
    "name": "arbitrageLogic",
    "outputs": [],
    "stateMutability": "nonpayable",
    "type": "function"
  },
  {
    "inputs": [
      {
        "internalType": "address[]",
        "name": "assets",
        "type": "address[]"
      },
      {
        "internalType": "uint256[]",
        "name": "amounts",
        "type": "uint256[]"
      },
      {
        "internalType": "uint256[]",
        "name": "premiums",
        "type": "uint256[]"
      },
      {
        "internalType": "address",
        "name": "initiator",
        "type": "address"
      },
      {
        "internalType": "bytes",
        "name": "params",
        "type": "bytes"
      }
    ],
    "name": "executeOperation",
    "outputs": [
      {
        "internalType": "bool",
        "name": "",
        "type": "bool"
      }
    ],
    "stateMutability": "nonpayable",
    "type": "function"
  }
]
